sharpe,max_drawdown,total_return
-2.8569586421399564,-0.0009146974048992451,-156.40000000000032
